date,date_key,year,quarter,month,day,dayofweek,weekofyear
2011-05-31,20110531,2011,2,5,31,2,22
2011-06-01,20110601,2011,2,6,1,3,22
2011-06-02,20110602,2011,2,6,2,4,22
2011-06-03,20110603,2011,2,6,3,5,22
2011-06-04,20110604,2011,2,6,4,6,22
2011-06-05,20110605,2011,2,6,5,7,22
2011-06-06,20110606,2011,2,6,6,1,23
2011-06-07,20110607,2011,2,6,7,2,23
2011-06-08,20110608,2011,2,6,8,3,23
2011-06-09,20110609,2011,2,6,9,4,23
2011-06-10,20110610,2011,2,6,10,5,23
2011-06-11,20110611,2011,2,6,11,6,23
2011-06-12,20110612,2011,2,6,12,7,23
2011-06-13,20110613,2011,2,6,13,1,24
2011-06-14,20110614,2011,2,6,14,2,24
2011-06-15,20110615,2011,2,6,15,3,24
2011-06-16,20110616,2011,2,6,16,4,24
2011-06-17,20110617,2011,2,6,17,5,24
2011-06-18,20110618,2011,2,6,18,6,24
2011-06-19,20110619,2011,2,6,19,7,24
2011-06-20,20110620,2011,2,6,20,1,25
2011-06-21,20110621,2011,2,6,21,2,25
2011-06-22,20110622,2011,2,6,22,3,25
2011-06-23,20110623,2011,2,6,23,4,25
2011-06-24,20110624,2011,2,6,24,5,25
2011-06-25,20110625,2011,2,6,25,6,25
2011-06-26,20110626,2011,2,6,26,7,25
2011-06-27,20110627,2011,2,6,27,1,26
2011-06-28,20110628,2011,2,6,28,2,26
2011-06-29,20110629,2011,2,6,29,3,26
2011-06-30,20110630,2011,2,6,30,4,26
2011-07-01,20110701,2011,3,7,1,5,26
2011-07-02,20110702,2011,3,7,2,6,26
2011-07-03,20110703,2011,3,7,3,7,26
2011-07-04,20110704,2011,3,7,4,1,27
2011-07-05,20110705,2011,3,7,5,2,27
2011-07-06,20110706,2011,3,7,6,3,27
2011-07-07,20110707,2011,3,7,7,4,27
2011-07-08,20110708,2011,3,7,8,5,27
2011-07-09,20110709,2011,3,7,9,6,27
2011-07-10,20110710,2011,3,7,10,7,27
2011-07-11,20110711,2011,3,7,11,1,28
2011-07-12,20110712,2011,3,7,12,2,28
2011-07-13,20110713,2011,3,7,13,3,28
2011-07-14,20110714,2011,3,7,14,4,28
2011-07-15,20110715,2011,3,7,15,5,28
2011-07-16,20110716,2011,3,7,16,6,28
2011-07-17,20110717,2011,3,7,17,7,28
2011-07-18,20110718,2011,3,7,18,1,29
2011-07-19,20110719,2011,3,7,19,2,29
2011-07-20,20110720,2011,3,7,20,3,29
2011-07-21,20110721,2011,3,7,21,4,29
2011-07-22,20110722,2011,3,7,22,5,29
2011-07-23,20110723,2011,3,7,23,6,29
2011-07-24,20110724,2011,3,7,24,7,29
2011-07-25,20110725,2011,3,7,25,1,30
2011-07-26,20110726,2011,3,7,26,2,30
2011-07-27,20110727,2011,3,7,27,3,30
2011-07-28,20110728,2011,3,7,28,4,30
2011-07-29,20110729,2011,3,7,29,5,30
2011-07-30,20110730,2011,3,7,30,6,30
2011-07-31,20110731,2011,3,7,31,7,30
2011-08-01,20110801,2011,3,8,1,1,31
2011-08-02,20110802,2011,3,8,2,2,31
2011-08-03,20110803,2011,3,8,3,3,31
2011-08-04,20110804,2011,3,8,4,4,31
2011-08-05,20110805,2011,3,8,5,5,31
2011-08-06,20110806,2011,3,8,6,6,31
2011-08-07,20110807,2011,3,8,7,7,31
2011-08-08,20110808,2011,3,8,8,1,32
2011-08-09,20110809,2011,3,8,9,2,32
2011-08-10,20110810,2011,3,8,10,3,32
2011-08-11,20110811,2011,3,8,11,4,32
2011-08-12,20110812,2011,3,8,12,5,32
2011-08-13,20110813,2011,3,8,13,6,32
2011-08-14,20110814,2011,3,8,14,7,32
2011-08-15,20110815,2011,3,8,15,1,33
2011-08-16,20110816,2011,3,8,16,2,33
2011-08-17,20110817,2011,3,8,17,3,33
2011-08-18,20110818,2011,3,8,18,4,33
2011-08-19,20110819,2011,3,8,19,5,33
2011-08-20,20110820,2011,3,8,20,6,33
2011-08-21,20110821,2011,3,8,21,7,33
2011-08-22,20110822,2011,3,8,22,1,34
2011-08-23,20110823,2011,3,8,23,2,34
2011-08-24,20110824,2011,3,8,24,3,34
2011-08-25,20110825,2011,3,8,25,4,34
2011-08-26,20110826,2011,3,8,26,5,34
2011-08-27,20110827,2011,3,8,27,6,34
2011-08-28,20110828,2011,3,8,28,7,34
2011-08-29,20110829,2011,3,8,29,1,35
2011-08-30,20110830,2011,3,8,30,2,35
2011-08-31,20110831,2011,3,8,31,3,35
2011-09-01,20110901,2011,3,9,1,4,35
2011-09-02,20110902,2011,3,9,2,5,35
2011-09-03,20110903,2011,3,9,3,6,35
2011-09-04,20110904,2011,3,9,4,7,35
2011-09-05,20110905,2011,3,9,5,1,36
2011-09-06,20110906,2011,3,9,6,2,36
2011-09-07,20110907,2011,3,9,7,3,36
2011-09-08,20110908,2011,3,9,8,4,36
2011-09-09,20110909,2011,3,9,9,5,36
2011-09-10,20110910,2011,3,9,10,6,36
2011-09-11,20110911,2011,3,9,11,7,36
2011-09-12,20110912,2011,3,9,12,1,37
2011-09-13,20110913,2011,3,9,13,2,37
2011-09-14,20110914,2011,3,9,14,3,37
2011-09-15,20110915,2011,3,9,15,4,37
2011-09-16,20110916,2011,3,9,16,5,37
2011-09-17,20110917,2011,3,9,17,6,37
2011-09-18,20110918,2011,3,9,18,7,37
2011-09-19,20110919,2011,3,9,19,1,38
2011-09-20,20110920,2011,3,9,20,2,38
2011-09-21,20110921,2011,3,9,21,3,38
2011-09-22,20110922,2011,3,9,22,4,38
2011-09-23,20110923,2011,3,9,23,5,38
2011-09-24,20110924,2011,3,9,24,6,38
2011-09-25,20110925,2011,3,9,25,7,38
2011-09-26,20110926,2011,3,9,26,1,39
2011-09-27,20110927,2011,3,9,27,2,39
2011-09-28,20110928,2011,3,9,28,3,39
2011-09-29,20110929,2011,3,9,29,4,39
2011-09-30,20110930,2011,3,9,30,5,39
2011-10-01,20111001,2011,4,10,1,6,39
2011-10-02,20111002,2011,4,10,2,7,39
2011-10-03,20111003,2011,4,10,3,1,40
2011-10-04,20111004,2011,4,10,4,2,40
2011-10-05,20111005,2011,4,10,5,3,40
2011-10-06,20111006,2011,4,10,6,4,40
2011-10-07,20111007,2011,4,10,7,5,40
2011-10-08,20111008,2011,4,10,8,6,40
2011-10-09,20111009,2011,4,10,9,7,40
2011-10-10,20111010,2011,4,10,10,1,41
2011-10-11,20111011,2011,4,10,11,2,41
2011-10-12,20111012,2011,4,10,12,3,41
2011-10-13,20111013,2011,4,10,13,4,41
2011-10-14,20111014,2011,4,10,14,5,41
2011-10-15,20111015,2011,4,10,15,6,41
2011-10-16,20111016,2011,4,10,16,7,41
2011-10-17,20111017,2011,4,10,17,1,42
2011-10-18,20111018,2011,4,10,18,2,42
2011-10-19,20111019,2011,4,10,19,3,42
2011-10-20,20111020,2011,4,10,20,4,42
2011-10-21,20111021,2011,4,10,21,5,42
2011-10-22,20111022,2011,4,10,22,6,42
2011-10-23,20111023,2011,4,10,23,7,42
2011-10-24,20111024,2011,4,10,24,1,43
2011-10-25,20111025,2011,4,10,25,2,43
2011-10-26,20111026,2011,4,10,26,3,43
2011-10-27,20111027,2011,4,10,27,4,43
2011-10-28,20111028,2011,4,10,28,5,43
2011-10-29,20111029,2011,4,10,29,6,43
2011-10-30,20111030,2011,4,10,30,7,43
2011-10-31,20111031,2011,4,10,31,1,44
2011-11-01,20111101,2011,4,11,1,2,44
2011-11-02,20111102,2011,4,11,2,3,44
2011-11-03,20111103,2011,4,11,3,4,44
2011-11-04,20111104,2011,4,11,4,5,44
2011-11-05,20111105,2011,4,11,5,6,44
2011-11-06,20111106,2011,4,11,6,7,44
2011-11-07,20111107,2011,4,11,7,1,45
2011-11-08,20111108,2011,4,11,8,2,45
2011-11-09,20111109,2011,4,11,9,3,45
2011-11-10,20111110,2011,4,11,10,4,45
2011-11-11,20111111,2011,4,11,11,5,45
2011-11-12,20111112,2011,4,11,12,6,45
2011-11-13,20111113,2011,4,11,13,7,45
2011-11-14,20111114,2011,4,11,14,1,46
2011-11-15,20111115,2011,4,11,15,2,46
2011-11-16,20111116,2011,4,11,16,3,46
2011-11-17,20111117,2011,4,11,17,4,46
2011-11-18,20111118,2011,4,11,18,5,46
2011-11-19,20111119,2011,4,11,19,6,46
2011-11-20,20111120,2011,4,11,20,7,46
2011-11-21,20111121,2011,4,11,21,1,47
2011-11-22,20111122,2011,4,11,22,2,47
2011-11-23,20111123,2011,4,11,23,3,47
2011-11-24,20111124,2011,4,11,24,4,47
2011-11-25,20111125,2011,4,11,25,5,47
2011-11-26,20111126,2011,4,11,26,6,47
2011-11-27,20111127,2011,4,11,27,7,47
2011-11-28,20111128,2011,4,11,28,1,48
2011-11-29,20111129,2011,4,11,29,2,48
2011-11-30,20111130,2011,4,11,30,3,48
2011-12-01,20111201,2011,4,12,1,4,48
2011-12-02,20111202,2011,4,12,2,5,48
2011-12-03,20111203,2011,4,12,3,6,48
2011-12-04,20111204,2011,4,12,4,7,48
2011-12-05,20111205,2011,4,12,5,1,49
2011-12-06,20111206,2011,4,12,6,2,49
2011-12-07,20111207,2011,4,12,7,3,49
2011-12-08,20111208,2011,4,12,8,4,49
2011-12-09,20111209,2011,4,12,9,5,49
2011-12-10,20111210,2011,4,12,10,6,49
2011-12-11,20111211,2011,4,12,11,7,49
2011-12-12,20111212,2011,4,12,12,1,50
2011-12-13,20111213,2011,4,12,13,2,50
2011-12-14,20111214,2011,4,12,14,3,50
2011-12-15,20111215,2011,4,12,15,4,50
2011-12-16,20111216,2011,4,12,16,5,50
2011-12-17,20111217,2011,4,12,17,6,50
2011-12-18,20111218,2011,4,12,18,7,50
2011-12-19,20111219,2011,4,12,19,1,51
2011-12-20,20111220,2011,4,12,20,2,51
2011-12-21,20111221,2011,4,12,21,3,51
2011-12-22,20111222,2011,4,12,22,4,51
2011-12-23,20111223,2011,4,12,23,5,51
2011-12-24,20111224,2011,4,12,24,6,51
2011-12-25,20111225,2011,4,12,25,7,51
2011-12-26,20111226,2011,4,12,26,1,52
2011-12-27,20111227,2011,4,12,27,2,52
2011-12-28,20111228,2011,4,12,28,3,52
2011-12-29,20111229,2011,4,12,29,4,52
2011-12-30,20111230,2011,4,12,30,5,52
2011-12-31,20111231,2011,4,12,31,6,52
2012-01-01,20120101,2012,1,1,1,7,52
2012-01-02,20120102,2012,1,1,2,1,1
2012-01-03,20120103,2012,1,1,3,2,1
2012-01-04,20120104,2012,1,1,4,3,1
2012-01-05,20120105,2012,1,1,5,4,1
2012-01-06,20120106,2012,1,1,6,5,1
2012-01-07,20120107,2012,1,1,7,6,1
2012-01-08,20120108,2012,1,1,8,7,1
2012-01-09,20120109,2012,1,1,9,1,2
2012-01-10,20120110,2012,1,1,10,2,2
2012-01-11,20120111,2012,1,1,11,3,2
2012-01-12,20120112,2012,1,1,12,4,2
2012-01-13,20120113,2012,1,1,13,5,2
2012-01-14,20120114,2012,1,1,14,6,2
2012-01-15,20120115,2012,1,1,15,7,2
2012-01-16,20120116,2012,1,1,16,1,3
2012-01-17,20120117,2012,1,1,17,2,3
2012-01-18,20120118,2012,1,1,18,3,3
2012-01-19,20120119,2012,1,1,19,4,3
2012-01-20,20120120,2012,1,1,20,5,3
2012-01-21,20120121,2012,1,1,21,6,3
2012-01-22,20120122,2012,1,1,22,7,3
2012-01-23,20120123,2012,1,1,23,1,4
2012-01-24,20120124,2012,1,1,24,2,4
2012-01-25,20120125,2012,1,1,25,3,4
2012-01-26,20120126,2012,1,1,26,4,4
2012-01-27,20120127,2012,1,1,27,5,4
2012-01-28,20120128,2012,1,1,28,6,4
2012-01-29,20120129,2012,1,1,29,7,4
2012-01-30,20120130,2012,1,1,30,1,5
2012-01-31,20120131,2012,1,1,31,2,5
2012-02-01,20120201,2012,1,2,1,3,5
2012-02-02,20120202,2012,1,2,2,4,5
2012-02-03,20120203,2012,1,2,3,5,5
2012-02-04,20120204,2012,1,2,4,6,5
2012-02-05,20120205,2012,1,2,5,7,5
2012-02-06,20120206,2012,1,2,6,1,6
2012-02-07,20120207,2012,1,2,7,2,6
2012-02-08,20120208,2012,1,2,8,3,6
2012-02-09,20120209,2012,1,2,9,4,6
2012-02-10,20120210,2012,1,2,10,5,6
2012-02-11,20120211,2012,1,2,11,6,6
2012-02-12,20120212,2012,1,2,12,7,6
2012-02-13,20120213,2012,1,2,13,1,7
2012-02-14,20120214,2012,1,2,14,2,7
2012-02-15,20120215,2012,1,2,15,3,7
2012-02-16,20120216,2012,1,2,16,4,7
2012-02-17,20120217,2012,1,2,17,5,7
2012-02-18,20120218,2012,1,2,18,6,7
2012-02-19,20120219,2012,1,2,19,7,7
2012-02-20,20120220,2012,1,2,20,1,8
2012-02-21,20120221,2012,1,2,21,2,8
2012-02-22,20120222,2012,1,2,22,3,8
2012-02-23,20120223,2012,1,2,23,4,8
2012-02-24,20120224,2012,1,2,24,5,8
2012-02-25,20120225,2012,1,2,25,6,8
2012-02-26,20120226,2012,1,2,26,7,8
2012-02-27,20120227,2012,1,2,27,1,9
2012-02-28,20120228,2012,1,2,28,2,9
2012-02-29,20120229,2012,1,2,29,3,9
2012-03-01,20120301,2012,1,3,1,4,9
2012-03-02,20120302,2012,1,3,2,5,9
2012-03-03,20120303,2012,1,3,3,6,9
2012-03-04,20120304,2012,1,3,4,7,9
2012-03-05,20120305,2012,1,3,5,1,10
2012-03-06,20120306,2012,1,3,6,2,10
2012-03-07,20120307,2012,1,3,7,3,10
2012-03-08,20120308,2012,1,3,8,4,10
2012-03-09,20120309,2012,1,3,9,5,10
2012-03-10,20120310,2012,1,3,10,6,10
2012-03-11,20120311,2012,1,3,11,7,10
2012-03-12,20120312,2012,1,3,12,1,11
2012-03-13,20120313,2012,1,3,13,2,11
2012-03-14,20120314,2012,1,3,14,3,11
2012-03-15,20120315,2012,1,3,15,4,11
2012-03-16,20120316,2012,1,3,16,5,11
2012-03-17,20120317,2012,1,3,17,6,11
2012-03-18,20120318,2012,1,3,18,7,11
2012-03-19,20120319,2012,1,3,19,1,12
2012-03-20,20120320,2012,1,3,20,2,12
2012-03-21,20120321,2012,1,3,21,3,12
2012-03-22,20120322,2012,1,3,22,4,12
2012-03-23,20120323,2012,1,3,23,5,12
2012-03-24,20120324,2012,1,3,24,6,12
2012-03-25,20120325,2012,1,3,25,7,12
2012-03-26,20120326,2012,1,3,26,1,13
2012-03-27,20120327,2012,1,3,27,2,13
2012-03-28,20120328,2012,1,3,28,3,13
2012-03-29,20120329,2012,1,3,29,4,13
2012-03-30,20120330,2012,1,3,30,5,13
2012-03-31,20120331,2012,1,3,31,6,13
2012-04-01,20120401,2012,2,4,1,7,13
2012-04-02,20120402,2012,2,4,2,1,14
2012-04-03,20120403,2012,2,4,3,2,14
2012-04-04,20120404,2012,2,4,4,3,14
2012-04-05,20120405,2012,2,4,5,4,14
2012-04-06,20120406,2012,2,4,6,5,14
2012-04-07,20120407,2012,2,4,7,6,14
2012-04-08,20120408,2012,2,4,8,7,14
2012-04-09,20120409,2012,2,4,9,1,15
2012-04-10,20120410,2012,2,4,10,2,15
2012-04-11,20120411,2012,2,4,11,3,15
2012-04-12,20120412,2012,2,4,12,4,15
2012-04-13,20120413,2012,2,4,13,5,15
2012-04-14,20120414,2012,2,4,14,6,15
2012-04-15,20120415,2012,2,4,15,7,15
2012-04-16,20120416,2012,2,4,16,1,16
2012-04-17,20120417,2012,2,4,17,2,16
2012-04-18,20120418,2012,2,4,18,3,16
2012-04-19,20120419,2012,2,4,19,4,16
2012-04-20,20120420,2012,2,4,20,5,16
2012-04-21,20120421,2012,2,4,21,6,16
2012-04-22,20120422,2012,2,4,22,7,16
2012-04-23,20120423,2012,2,4,23,1,17
2012-04-24,20120424,2012,2,4,24,2,17
2012-04-25,20120425,2012,2,4,25,3,17
2012-04-26,20120426,2012,2,4,26,4,17
2012-04-27,20120427,2012,2,4,27,5,17
2012-04-28,20120428,2012,2,4,28,6,17
2012-04-29,20120429,2012,2,4,29,7,17
2012-04-30,20120430,2012,2,4,30,1,18
2012-05-01,20120501,2012,2,5,1,2,18
2012-05-02,20120502,2012,2,5,2,3,18
2012-05-03,20120503,2012,2,5,3,4,18
2012-05-04,20120504,2012,2,5,4,5,18
2012-05-05,20120505,2012,2,5,5,6,18
2012-05-06,20120506,2012,2,5,6,7,18
2012-05-07,20120507,2012,2,5,7,1,19
2012-05-08,20120508,2012,2,5,8,2,19
2012-05-09,20120509,2012,2,5,9,3,19
2012-05-10,20120510,2012,2,5,10,4,19
2012-05-11,20120511,2012,2,5,11,5,19
2012-05-12,20120512,2012,2,5,12,6,19
2012-05-13,20120513,2012,2,5,13,7,19
2012-05-14,20120514,2012,2,5,14,1,20
2012-05-15,20120515,2012,2,5,15,2,20
2012-05-16,20120516,2012,2,5,16,3,20
2012-05-17,20120517,2012,2,5,17,4,20
2012-05-18,20120518,2012,2,5,18,5,20
2012-05-19,20120519,2012,2,5,19,6,20
2012-05-20,20120520,2012,2,5,20,7,20
2012-05-21,20120521,2012,2,5,21,1,21
2012-05-22,20120522,2012,2,5,22,2,21
2012-05-23,20120523,2012,2,5,23,3,21
2012-05-24,20120524,2012,2,5,24,4,21
2012-05-25,20120525,2012,2,5,25,5,21
2012-05-26,20120526,2012,2,5,26,6,21
2012-05-27,20120527,2012,2,5,27,7,21
2012-05-28,20120528,2012,2,5,28,1,22
2012-05-29,20120529,2012,2,5,29,2,22
2012-05-30,20120530,2012,2,5,30,3,22
2012-05-31,20120531,2012,2,5,31,4,22
2012-06-01,20120601,2012,2,6,1,5,22
2012-06-02,20120602,2012,2,6,2,6,22
2012-06-03,20120603,2012,2,6,3,7,22
2012-06-04,20120604,2012,2,6,4,1,23
2012-06-05,20120605,2012,2,6,5,2,23
2012-06-06,20120606,2012,2,6,6,3,23
2012-06-07,20120607,2012,2,6,7,4,23
2012-06-08,20120608,2012,2,6,8,5,23
2012-06-09,20120609,2012,2,6,9,6,23
2012-06-10,20120610,2012,2,6,10,7,23
2012-06-11,20120611,2012,2,6,11,1,24
2012-06-12,20120612,2012,2,6,12,2,24
2012-06-13,20120613,2012,2,6,13,3,24
2012-06-14,20120614,2012,2,6,14,4,24
2012-06-15,20120615,2012,2,6,15,5,24
2012-06-16,20120616,2012,2,6,16,6,24
2012-06-17,20120617,2012,2,6,17,7,24
2012-06-18,20120618,2012,2,6,18,1,25
2012-06-19,20120619,2012,2,6,19,2,25
2012-06-20,20120620,2012,2,6,20,3,25
2012-06-21,20120621,2012,2,6,21,4,25
2012-06-22,20120622,2012,2,6,22,5,25
2012-06-23,20120623,2012,2,6,23,6,25
2012-06-24,20120624,2012,2,6,24,7,25
2012-06-25,20120625,2012,2,6,25,1,26
2012-06-26,20120626,2012,2,6,26,2,26
2012-06-27,20120627,2012,2,6,27,3,26
2012-06-28,20120628,2012,2,6,28,4,26
2012-06-29,20120629,2012,2,6,29,5,26
2012-06-30,20120630,2012,2,6,30,6,26
2012-07-01,20120701,2012,3,7,1,7,26
2012-07-02,20120702,2012,3,7,2,1,27
2012-07-03,20120703,2012,3,7,3,2,27
2012-07-04,20120704,2012,3,7,4,3,27
2012-07-05,20120705,2012,3,7,5,4,27
2012-07-06,20120706,2012,3,7,6,5,27
2012-07-07,20120707,2012,3,7,7,6,27
2012-07-08,20120708,2012,3,7,8,7,27
2012-07-09,20120709,2012,3,7,9,1,28
2012-07-10,20120710,2012,3,7,10,2,28
2012-07-11,20120711,2012,3,7,11,3,28
2012-07-12,20120712,2012,3,7,12,4,28
2012-07-13,20120713,2012,3,7,13,5,28
2012-07-14,20120714,2012,3,7,14,6,28
2012-07-15,20120715,2012,3,7,15,7,28
2012-07-16,20120716,2012,3,7,16,1,29
2012-07-17,20120717,2012,3,7,17,2,29
2012-07-18,20120718,2012,3,7,18,3,29
2012-07-19,20120719,2012,3,7,19,4,29
2012-07-20,20120720,2012,3,7,20,5,29
2012-07-21,20120721,2012,3,7,21,6,29
2012-07-22,20120722,2012,3,7,22,7,29
2012-07-23,20120723,2012,3,7,23,1,30
2012-07-24,20120724,2012,3,7,24,2,30
2012-07-25,20120725,2012,3,7,25,3,30
2012-07-26,20120726,2012,3,7,26,4,30
2012-07-27,20120727,2012,3,7,27,5,30
2012-07-28,20120728,2012,3,7,28,6,30
2012-07-29,20120729,2012,3,7,29,7,30
2012-07-30,20120730,2012,3,7,30,1,31
2012-07-31,20120731,2012,3,7,31,2,31
2012-08-01,20120801,2012,3,8,1,3,31
2012-08-02,20120802,2012,3,8,2,4,31
2012-08-03,20120803,2012,3,8,3,5,31
2012-08-04,20120804,2012,3,8,4,6,31
2012-08-05,20120805,2012,3,8,5,7,31
2012-08-06,20120806,2012,3,8,6,1,32
2012-08-07,20120807,2012,3,8,7,2,32
2012-08-08,20120808,2012,3,8,8,3,32
2012-08-09,20120809,2012,3,8,9,4,32
2012-08-10,20120810,2012,3,8,10,5,32
2012-08-11,20120811,2012,3,8,11,6,32
2012-08-12,20120812,2012,3,8,12,7,32
2012-08-13,20120813,2012,3,8,13,1,33
2012-08-14,20120814,2012,3,8,14,2,33
2012-08-15,20120815,2012,3,8,15,3,33
2012-08-16,20120816,2012,3,8,16,4,33
2012-08-17,20120817,2012,3,8,17,5,33
2012-08-18,20120818,2012,3,8,18,6,33
2012-08-19,20120819,2012,3,8,19,7,33
2012-08-20,20120820,2012,3,8,20,1,34
2012-08-21,20120821,2012,3,8,21,2,34
2012-08-22,20120822,2012,3,8,22,3,34
2012-08-23,20120823,2012,3,8,23,4,34
2012-08-24,20120824,2012,3,8,24,5,34
2012-08-25,20120825,2012,3,8,25,6,34
2012-08-26,20120826,2012,3,8,26,7,34
2012-08-27,20120827,2012,3,8,27,1,35
2012-08-28,20120828,2012,3,8,28,2,35
2012-08-29,20120829,2012,3,8,29,3,35
2012-08-30,20120830,2012,3,8,30,4,35
2012-08-31,20120831,2012,3,8,31,5,35
2012-09-01,20120901,2012,3,9,1,6,35
2012-09-02,20120902,2012,3,9,2,7,35
2012-09-03,20120903,2012,3,9,3,1,36
2012-09-04,20120904,2012,3,9,4,2,36
2012-09-05,20120905,2012,3,9,5,3,36
2012-09-06,20120906,2012,3,9,6,4,36
2012-09-07,20120907,2012,3,9,7,5,36
2012-09-08,20120908,2012,3,9,8,6,36
2012-09-09,20120909,2012,3,9,9,7,36
2012-09-10,20120910,2012,3,9,10,1,37
2012-09-11,20120911,2012,3,9,11,2,37
2012-09-12,20120912,2012,3,9,12,3,37
2012-09-13,20120913,2012,3,9,13,4,37
2012-09-14,20120914,2012,3,9,14,5,37
2012-09-15,20120915,2012,3,9,15,6,37
2012-09-16,20120916,2012,3,9,16,7,37
2012-09-17,20120917,2012,3,9,17,1,38
2012-09-18,20120918,2012,3,9,18,2,38
2012-09-19,20120919,2012,3,9,19,3,38
2012-09-20,20120920,2012,3,9,20,4,38
2012-09-21,20120921,2012,3,9,21,5,38
2012-09-22,20120922,2012,3,9,22,6,38
2012-09-23,20120923,2012,3,9,23,7,38
2012-09-24,20120924,2012,3,9,24,1,39
2012-09-25,20120925,2012,3,9,25,2,39
2012-09-26,20120926,2012,3,9,26,3,39
2012-09-27,20120927,2012,3,9,27,4,39
2012-09-28,20120928,2012,3,9,28,5,39
2012-09-29,20120929,2012,3,9,29,6,39
2012-09-30,20120930,2012,3,9,30,7,39
2012-10-01,20121001,2012,4,10,1,1,40
2012-10-02,20121002,2012,4,10,2,2,40
2012-10-03,20121003,2012,4,10,3,3,40
2012-10-04,20121004,2012,4,10,4,4,40
2012-10-05,20121005,2012,4,10,5,5,40
2012-10-06,20121006,2012,4,10,6,6,40
2012-10-07,20121007,2012,4,10,7,7,40
2012-10-08,20121008,2012,4,10,8,1,41
2012-10-09,20121009,2012,4,10,9,2,41
2012-10-10,20121010,2012,4,10,10,3,41
2012-10-11,20121011,2012,4,10,11,4,41
2012-10-12,20121012,2012,4,10,12,5,41
2012-10-13,20121013,2012,4,10,13,6,41
2012-10-14,20121014,2012,4,10,14,7,41
2012-10-15,20121015,2012,4,10,15,1,42
2012-10-16,20121016,2012,4,10,16,2,42
2012-10-17,20121017,2012,4,10,17,3,42
2012-10-18,20121018,2012,4,10,18,4,42
2012-10-19,20121019,2012,4,10,19,5,42
2012-10-20,20121020,2012,4,10,20,6,42
2012-10-21,20121021,2012,4,10,21,7,42
2012-10-22,20121022,2012,4,10,22,1,43
2012-10-23,20121023,2012,4,10,23,2,43
2012-10-24,20121024,2012,4,10,24,3,43
2012-10-25,20121025,2012,4,10,25,4,43
2012-10-26,20121026,2012,4,10,26,5,43
2012-10-27,20121027,2012,4,10,27,6,43
2012-10-28,20121028,2012,4,10,28,7,43
2012-10-29,20121029,2012,4,10,29,1,44
2012-10-30,20121030,2012,4,10,30,2,44
2012-10-31,20121031,2012,4,10,31,3,44
2012-11-01,20121101,2012,4,11,1,4,44
2012-11-02,20121102,2012,4,11,2,5,44
2012-11-03,20121103,2012,4,11,3,6,44
2012-11-04,20121104,2012,4,11,4,7,44
2012-11-05,20121105,2012,4,11,5,1,45
2012-11-06,20121106,2012,4,11,6,2,45
2012-11-07,20121107,2012,4,11,7,3,45
2012-11-08,20121108,2012,4,11,8,4,45
2012-11-09,20121109,2012,4,11,9,5,45
2012-11-10,20121110,2012,4,11,10,6,45
2012-11-11,20121111,2012,4,11,11,7,45
2012-11-12,20121112,2012,4,11,12,1,46
2012-11-13,20121113,2012,4,11,13,2,46
2012-11-14,20121114,2012,4,11,14,3,46
2012-11-15,20121115,2012,4,11,15,4,46
2012-11-16,20121116,2012,4,11,16,5,46
2012-11-17,20121117,2012,4,11,17,6,46
2012-11-18,20121118,2012,4,11,18,7,46
2012-11-19,20121119,2012,4,11,19,1,47
2012-11-20,20121120,2012,4,11,20,2,47
2012-11-21,20121121,2012,4,11,21,3,47
2012-11-22,20121122,2012,4,11,22,4,47
2012-11-23,20121123,2012,4,11,23,5,47
2012-11-24,20121124,2012,4,11,24,6,47
2012-11-25,20121125,2012,4,11,25,7,47
2012-11-26,20121126,2012,4,11,26,1,48
2012-11-27,20121127,2012,4,11,27,2,48
2012-11-28,20121128,2012,4,11,28,3,48
2012-11-29,20121129,2012,4,11,29,4,48
2012-11-30,20121130,2012,4,11,30,5,48
2012-12-01,20121201,2012,4,12,1,6,48
2012-12-02,20121202,2012,4,12,2,7,48
2012-12-03,20121203,2012,4,12,3,1,49
2012-12-04,20121204,2012,4,12,4,2,49
2012-12-05,20121205,2012,4,12,5,3,49
2012-12-06,20121206,2012,4,12,6,4,49
2012-12-07,20121207,2012,4,12,7,5,49
2012-12-08,20121208,2012,4,12,8,6,49
2012-12-09,20121209,2012,4,12,9,7,49
2012-12-10,20121210,2012,4,12,10,1,50
2012-12-11,20121211,2012,4,12,11,2,50
2012-12-12,20121212,2012,4,12,12,3,50
2012-12-13,20121213,2012,4,12,13,4,50
2012-12-14,20121214,2012,4,12,14,5,50
2012-12-15,20121215,2012,4,12,15,6,50
2012-12-16,20121216,2012,4,12,16,7,50
2012-12-17,20121217,2012,4,12,17,1,51
2012-12-18,20121218,2012,4,12,18,2,51
2012-12-19,20121219,2012,4,12,19,3,51
2012-12-20,20121220,2012,4,12,20,4,51
2012-12-21,20121221,2012,4,12,21,5,51
2012-12-22,20121222,2012,4,12,22,6,51
2012-12-23,20121223,2012,4,12,23,7,51
2012-12-24,20121224,2012,4,12,24,1,52
2012-12-25,20121225,2012,4,12,25,2,52
2012-12-26,20121226,2012,4,12,26,3,52
2012-12-27,20121227,2012,4,12,27,4,52
2012-12-28,20121228,2012,4,12,28,5,52
2012-12-29,20121229,2012,4,12,29,6,52
2012-12-30,20121230,2012,4,12,30,7,52
2012-12-31,20121231,2012,4,12,31,1,1
2013-01-01,20130101,2013,1,1,1,2,1
2013-01-02,20130102,2013,1,1,2,3,1
2013-01-03,20130103,2013,1,1,3,4,1
2013-01-04,20130104,2013,1,1,4,5,1
2013-01-05,20130105,2013,1,1,5,6,1
2013-01-06,20130106,2013,1,1,6,7,1
2013-01-07,20130107,2013,1,1,7,1,2
2013-01-08,20130108,2013,1,1,8,2,2
2013-01-09,20130109,2013,1,1,9,3,2
2013-01-10,20130110,2013,1,1,10,4,2
2013-01-11,20130111,2013,1,1,11,5,2
2013-01-12,20130112,2013,1,1,12,6,2
2013-01-13,20130113,2013,1,1,13,7,2
2013-01-14,20130114,2013,1,1,14,1,3
2013-01-15,20130115,2013,1,1,15,2,3
2013-01-16,20130116,2013,1,1,16,3,3
2013-01-17,20130117,2013,1,1,17,4,3
2013-01-18,20130118,2013,1,1,18,5,3
2013-01-19,20130119,2013,1,1,19,6,3
2013-01-20,20130120,2013,1,1,20,7,3
2013-01-21,20130121,2013,1,1,21,1,4
2013-01-22,20130122,2013,1,1,22,2,4
2013-01-23,20130123,2013,1,1,23,3,4
2013-01-24,20130124,2013,1,1,24,4,4
2013-01-25,20130125,2013,1,1,25,5,4
2013-01-26,20130126,2013,1,1,26,6,4
2013-01-27,20130127,2013,1,1,27,7,4
2013-01-28,20130128,2013,1,1,28,1,5
2013-01-29,20130129,2013,1,1,29,2,5
2013-01-30,20130130,2013,1,1,30,3,5
2013-01-31,20130131,2013,1,1,31,4,5
2013-02-01,20130201,2013,1,2,1,5,5
2013-02-02,20130202,2013,1,2,2,6,5
2013-02-03,20130203,2013,1,2,3,7,5
2013-02-04,20130204,2013,1,2,4,1,6
2013-02-05,20130205,2013,1,2,5,2,6
2013-02-06,20130206,2013,1,2,6,3,6
2013-02-07,20130207,2013,1,2,7,4,6
2013-02-08,20130208,2013,1,2,8,5,6
2013-02-09,20130209,2013,1,2,9,6,6
2013-02-10,20130210,2013,1,2,10,7,6
2013-02-11,20130211,2013,1,2,11,1,7
2013-02-12,20130212,2013,1,2,12,2,7
2013-02-13,20130213,2013,1,2,13,3,7
2013-02-14,20130214,2013,1,2,14,4,7
2013-02-15,20130215,2013,1,2,15,5,7
2013-02-16,20130216,2013,1,2,16,6,7
2013-02-17,20130217,2013,1,2,17,7,7
2013-02-18,20130218,2013,1,2,18,1,8
2013-02-19,20130219,2013,1,2,19,2,8
2013-02-20,20130220,2013,1,2,20,3,8
2013-02-21,20130221,2013,1,2,21,4,8
2013-02-22,20130222,2013,1,2,22,5,8
2013-02-23,20130223,2013,1,2,23,6,8
2013-02-24,20130224,2013,1,2,24,7,8
2013-02-25,20130225,2013,1,2,25,1,9
2013-02-26,20130226,2013,1,2,26,2,9
2013-02-27,20130227,2013,1,2,27,3,9
2013-02-28,20130228,2013,1,2,28,4,9
2013-03-01,20130301,2013,1,3,1,5,9
2013-03-02,20130302,2013,1,3,2,6,9
2013-03-03,20130303,2013,1,3,3,7,9
2013-03-04,20130304,2013,1,3,4,1,10
2013-03-05,20130305,2013,1,3,5,2,10
2013-03-06,20130306,2013,1,3,6,3,10
2013-03-07,20130307,2013,1,3,7,4,10
2013-03-08,20130308,2013,1,3,8,5,10
2013-03-09,20130309,2013,1,3,9,6,10
2013-03-10,20130310,2013,1,3,10,7,10
2013-03-11,20130311,2013,1,3,11,1,11
2013-03-12,20130312,2013,1,3,12,2,11
2013-03-13,20130313,2013,1,3,13,3,11
2013-03-14,20130314,2013,1,3,14,4,11
2013-03-15,20130315,2013,1,3,15,5,11
2013-03-16,20130316,2013,1,3,16,6,11
2013-03-17,20130317,2013,1,3,17,7,11
2013-03-18,20130318,2013,1,3,18,1,12
2013-03-19,20130319,2013,1,3,19,2,12
2013-03-20,20130320,2013,1,3,20,3,12
2013-03-21,20130321,2013,1,3,21,4,12
2013-03-22,20130322,2013,1,3,22,5,12
2013-03-23,20130323,2013,1,3,23,6,12
2013-03-24,20130324,2013,1,3,24,7,12
2013-03-25,20130325,2013,1,3,25,1,13
2013-03-26,20130326,2013,1,3,26,2,13
2013-03-27,20130327,2013,1,3,27,3,13
2013-03-28,20130328,2013,1,3,28,4,13
2013-03-29,20130329,2013,1,3,29,5,13
2013-03-30,20130330,2013,1,3,30,6,13
2013-03-31,20130331,2013,1,3,31,7,13
2013-04-01,20130401,2013,2,4,1,1,14
2013-04-02,20130402,2013,2,4,2,2,14
2013-04-03,20130403,2013,2,4,3,3,14
2013-04-04,20130404,2013,2,4,4,4,14
2013-04-05,20130405,2013,2,4,5,5,14
2013-04-06,20130406,2013,2,4,6,6,14
2013-04-07,20130407,2013,2,4,7,7,14
2013-04-08,20130408,2013,2,4,8,1,15
2013-04-09,20130409,2013,2,4,9,2,15
2013-04-10,20130410,2013,2,4,10,3,15
2013-04-11,20130411,2013,2,4,11,4,15
2013-04-12,20130412,2013,2,4,12,5,15
2013-04-13,20130413,2013,2,4,13,6,15
2013-04-14,20130414,2013,2,4,14,7,15
2013-04-15,20130415,2013,2,4,15,1,16
2013-04-16,20130416,2013,2,4,16,2,16
2013-04-17,20130417,2013,2,4,17,3,16
2013-04-18,20130418,2013,2,4,18,4,16
2013-04-19,20130419,2013,2,4,19,5,16
2013-04-20,20130420,2013,2,4,20,6,16
2013-04-21,20130421,2013,2,4,21,7,16
2013-04-22,20130422,2013,2,4,22,1,17
2013-04-23,20130423,2013,2,4,23,2,17
2013-04-24,20130424,2013,2,4,24,3,17
2013-04-25,20130425,2013,2,4,25,4,17
2013-04-26,20130426,2013,2,4,26,5,17
2013-04-27,20130427,2013,2,4,27,6,17
2013-04-28,20130428,2013,2,4,28,7,17
2013-04-29,20130429,2013,2,4,29,1,18
2013-04-30,20130430,2013,2,4,30,2,18
2013-05-01,20130501,2013,2,5,1,3,18
2013-05-02,20130502,2013,2,5,2,4,18
2013-05-03,20130503,2013,2,5,3,5,18
2013-05-04,20130504,2013,2,5,4,6,18
2013-05-05,20130505,2013,2,5,5,7,18
2013-05-06,20130506,2013,2,5,6,1,19
2013-05-07,20130507,2013,2,5,7,2,19
2013-05-08,20130508,2013,2,5,8,3,19
2013-05-09,20130509,2013,2,5,9,4,19
2013-05-10,20130510,2013,2,5,10,5,19
2013-05-11,20130511,2013,2,5,11,6,19
2013-05-12,20130512,2013,2,5,12,7,19
2013-05-13,20130513,2013,2,5,13,1,20
2013-05-14,20130514,2013,2,5,14,2,20
2013-05-15,20130515,2013,2,5,15,3,20
2013-05-16,20130516,2013,2,5,16,4,20
2013-05-17,20130517,2013,2,5,17,5,20
2013-05-18,20130518,2013,2,5,18,6,20
2013-05-19,20130519,2013,2,5,19,7,20
2013-05-20,20130520,2013,2,5,20,1,21
2013-05-21,20130521,2013,2,5,21,2,21
2013-05-22,20130522,2013,2,5,22,3,21
2013-05-23,20130523,2013,2,5,23,4,21
2013-05-24,20130524,2013,2,5,24,5,21
2013-05-25,20130525,2013,2,5,25,6,21
2013-05-26,20130526,2013,2,5,26,7,21
2013-05-27,20130527,2013,2,5,27,1,22
2013-05-28,20130528,2013,2,5,28,2,22
2013-05-29,20130529,2013,2,5,29,3,22
2013-05-30,20130530,2013,2,5,30,4,22
2013-05-31,20130531,2013,2,5,31,5,22
2013-06-01,20130601,2013,2,6,1,6,22
2013-06-02,20130602,2013,2,6,2,7,22
2013-06-03,20130603,2013,2,6,3,1,23
2013-06-04,20130604,2013,2,6,4,2,23
2013-06-05,20130605,2013,2,6,5,3,23
2013-06-06,20130606,2013,2,6,6,4,23
2013-06-07,20130607,2013,2,6,7,5,23
2013-06-08,20130608,2013,2,6,8,6,23
2013-06-09,20130609,2013,2,6,9,7,23
2013-06-10,20130610,2013,2,6,10,1,24
2013-06-11,20130611,2013,2,6,11,2,24
2013-06-12,20130612,2013,2,6,12,3,24
2013-06-13,20130613,2013,2,6,13,4,24
2013-06-14,20130614,2013,2,6,14,5,24
2013-06-15,20130615,2013,2,6,15,6,24
2013-06-16,20130616,2013,2,6,16,7,24
2013-06-17,20130617,2013,2,6,17,1,25
2013-06-18,20130618,2013,2,6,18,2,25
2013-06-19,20130619,2013,2,6,19,3,25
2013-06-20,20130620,2013,2,6,20,4,25
2013-06-21,20130621,2013,2,6,21,5,25
2013-06-22,20130622,2013,2,6,22,6,25
2013-06-23,20130623,2013,2,6,23,7,25
2013-06-24,20130624,2013,2,6,24,1,26
2013-06-25,20130625,2013,2,6,25,2,26
2013-06-26,20130626,2013,2,6,26,3,26
2013-06-27,20130627,2013,2,6,27,4,26
2013-06-28,20130628,2013,2,6,28,5,26
2013-06-29,20130629,2013,2,6,29,6,26
2013-06-30,20130630,2013,2,6,30,7,26
2013-07-01,20130701,2013,3,7,1,1,27
2013-07-02,20130702,2013,3,7,2,2,27
2013-07-03,20130703,2013,3,7,3,3,27
2013-07-04,20130704,2013,3,7,4,4,27
2013-07-05,20130705,2013,3,7,5,5,27
2013-07-06,20130706,2013,3,7,6,6,27
2013-07-07,20130707,2013,3,7,7,7,27
2013-07-08,20130708,2013,3,7,8,1,28
2013-07-09,20130709,2013,3,7,9,2,28
2013-07-10,20130710,2013,3,7,10,3,28
2013-07-11,20130711,2013,3,7,11,4,28
2013-07-12,20130712,2013,3,7,12,5,28
2013-07-13,20130713,2013,3,7,13,6,28
2013-07-14,20130714,2013,3,7,14,7,28
2013-07-15,20130715,2013,3,7,15,1,29
2013-07-16,20130716,2013,3,7,16,2,29
2013-07-17,20130717,2013,3,7,17,3,29
2013-07-18,20130718,2013,3,7,18,4,29
2013-07-19,20130719,2013,3,7,19,5,29
2013-07-20,20130720,2013,3,7,20,6,29
2013-07-21,20130721,2013,3,7,21,7,29
2013-07-22,20130722,2013,3,7,22,1,30
2013-07-23,20130723,2013,3,7,23,2,30
2013-07-24,20130724,2013,3,7,24,3,30
2013-07-25,20130725,2013,3,7,25,4,30
2013-07-26,20130726,2013,3,7,26,5,30
2013-07-27,20130727,2013,3,7,27,6,30
2013-07-28,20130728,2013,3,7,28,7,30
2013-07-29,20130729,2013,3,7,29,1,31
2013-07-30,20130730,2013,3,7,30,2,31
2013-07-31,20130731,2013,3,7,31,3,31
2013-08-01,20130801,2013,3,8,1,4,31
2013-08-02,20130802,2013,3,8,2,5,31
2013-08-03,20130803,2013,3,8,3,6,31
2013-08-04,20130804,2013,3,8,4,7,31
2013-08-05,20130805,2013,3,8,5,1,32
2013-08-06,20130806,2013,3,8,6,2,32
2013-08-07,20130807,2013,3,8,7,3,32
2013-08-08,20130808,2013,3,8,8,4,32
2013-08-09,20130809,2013,3,8,9,5,32
2013-08-10,20130810,2013,3,8,10,6,32
2013-08-11,20130811,2013,3,8,11,7,32
2013-08-12,20130812,2013,3,8,12,1,33
2013-08-13,20130813,2013,3,8,13,2,33
2013-08-14,20130814,2013,3,8,14,3,33
2013-08-15,20130815,2013,3,8,15,4,33
2013-08-16,20130816,2013,3,8,16,5,33
2013-08-17,20130817,2013,3,8,17,6,33
2013-08-18,20130818,2013,3,8,18,7,33
2013-08-19,20130819,2013,3,8,19,1,34
2013-08-20,20130820,2013,3,8,20,2,34
2013-08-21,20130821,2013,3,8,21,3,34
2013-08-22,20130822,2013,3,8,22,4,34
2013-08-23,20130823,2013,3,8,23,5,34
2013-08-24,20130824,2013,3,8,24,6,34
2013-08-25,20130825,2013,3,8,25,7,34
2013-08-26,20130826,2013,3,8,26,1,35
2013-08-27,20130827,2013,3,8,27,2,35
2013-08-28,20130828,2013,3,8,28,3,35
2013-08-29,20130829,2013,3,8,29,4,35
2013-08-30,20130830,2013,3,8,30,5,35
2013-08-31,20130831,2013,3,8,31,6,35
2013-09-01,20130901,2013,3,9,1,7,35
2013-09-02,20130902,2013,3,9,2,1,36
2013-09-03,20130903,2013,3,9,3,2,36
2013-09-04,20130904,2013,3,9,4,3,36
2013-09-05,20130905,2013,3,9,5,4,36
2013-09-06,20130906,2013,3,9,6,5,36
2013-09-07,20130907,2013,3,9,7,6,36
2013-09-08,20130908,2013,3,9,8,7,36
2013-09-09,20130909,2013,3,9,9,1,37
2013-09-10,20130910,2013,3,9,10,2,37
2013-09-11,20130911,2013,3,9,11,3,37
2013-09-12,20130912,2013,3,9,12,4,37
2013-09-13,20130913,2013,3,9,13,5,37
2013-09-14,20130914,2013,3,9,14,6,37
2013-09-15,20130915,2013,3,9,15,7,37
2013-09-16,20130916,2013,3,9,16,1,38
2013-09-17,20130917,2013,3,9,17,2,38
2013-09-18,20130918,2013,3,9,18,3,38
2013-09-19,20130919,2013,3,9,19,4,38
2013-09-20,20130920,2013,3,9,20,5,38
2013-09-21,20130921,2013,3,9,21,6,38
2013-09-22,20130922,2013,3,9,22,7,38
2013-09-23,20130923,2013,3,9,23,1,39
2013-09-24,20130924,2013,3,9,24,2,39
2013-09-25,20130925,2013,3,9,25,3,39
2013-09-26,20130926,2013,3,9,26,4,39
2013-09-27,20130927,2013,3,9,27,5,39
2013-09-28,20130928,2013,3,9,28,6,39
2013-09-29,20130929,2013,3,9,29,7,39
2013-09-30,20130930,2013,3,9,30,1,40
2013-10-01,20131001,2013,4,10,1,2,40
2013-10-02,20131002,2013,4,10,2,3,40
2013-10-03,20131003,2013,4,10,3,4,40
2013-10-04,20131004,2013,4,10,4,5,40
2013-10-05,20131005,2013,4,10,5,6,40
2013-10-06,20131006,2013,4,10,6,7,40
2013-10-07,20131007,2013,4,10,7,1,41
2013-10-08,20131008,2013,4,10,8,2,41
2013-10-09,20131009,2013,4,10,9,3,41
2013-10-10,20131010,2013,4,10,10,4,41
2013-10-11,20131011,2013,4,10,11,5,41
2013-10-12,20131012,2013,4,10,12,6,41
2013-10-13,20131013,2013,4,10,13,7,41
2013-10-14,20131014,2013,4,10,14,1,42
2013-10-15,20131015,2013,4,10,15,2,42
2013-10-16,20131016,2013,4,10,16,3,42
2013-10-17,20131017,2013,4,10,17,4,42
2013-10-18,20131018,2013,4,10,18,5,42
2013-10-19,20131019,2013,4,10,19,6,42
2013-10-20,20131020,2013,4,10,20,7,42
2013-10-21,20131021,2013,4,10,21,1,43
2013-10-22,20131022,2013,4,10,22,2,43
2013-10-23,20131023,2013,4,10,23,3,43
2013-10-24,20131024,2013,4,10,24,4,43
2013-10-25,20131025,2013,4,10,25,5,43
2013-10-26,20131026,2013,4,10,26,6,43
2013-10-27,20131027,2013,4,10,27,7,43
2013-10-28,20131028,2013,4,10,28,1,44
2013-10-29,20131029,2013,4,10,29,2,44
2013-10-30,20131030,2013,4,10,30,3,44
2013-10-31,20131031,2013,4,10,31,4,44
2013-11-01,20131101,2013,4,11,1,5,44
2013-11-02,20131102,2013,4,11,2,6,44
2013-11-03,20131103,2013,4,11,3,7,44
2013-11-04,20131104,2013,4,11,4,1,45
2013-11-05,20131105,2013,4,11,5,2,45
2013-11-06,20131106,2013,4,11,6,3,45
2013-11-07,20131107,2013,4,11,7,4,45
2013-11-08,20131108,2013,4,11,8,5,45
2013-11-09,20131109,2013,4,11,9,6,45
2013-11-10,20131110,2013,4,11,10,7,45
2013-11-11,20131111,2013,4,11,11,1,46
2013-11-12,20131112,2013,4,11,12,2,46
2013-11-13,20131113,2013,4,11,13,3,46
2013-11-14,20131114,2013,4,11,14,4,46
2013-11-15,20131115,2013,4,11,15,5,46
2013-11-16,20131116,2013,4,11,16,6,46
2013-11-17,20131117,2013,4,11,17,7,46
2013-11-18,20131118,2013,4,11,18,1,47
2013-11-19,20131119,2013,4,11,19,2,47
2013-11-20,20131120,2013,4,11,20,3,47
2013-11-21,20131121,2013,4,11,21,4,47
2013-11-22,20131122,2013,4,11,22,5,47
2013-11-23,20131123,2013,4,11,23,6,47
2013-11-24,20131124,2013,4,11,24,7,47
2013-11-25,20131125,2013,4,11,25,1,48
2013-11-26,20131126,2013,4,11,26,2,48
2013-11-27,20131127,2013,4,11,27,3,48
2013-11-28,20131128,2013,4,11,28,4,48
2013-11-29,20131129,2013,4,11,29,5,48
2013-11-30,20131130,2013,4,11,30,6,48
2013-12-01,20131201,2013,4,12,1,7,48
2013-12-02,20131202,2013,4,12,2,1,49
2013-12-03,20131203,2013,4,12,3,2,49
2013-12-04,20131204,2013,4,12,4,3,49
2013-12-05,20131205,2013,4,12,5,4,49
2013-12-06,20131206,2013,4,12,6,5,49
2013-12-07,20131207,2013,4,12,7,6,49
2013-12-08,20131208,2013,4,12,8,7,49
2013-12-09,20131209,2013,4,12,9,1,50
2013-12-10,20131210,2013,4,12,10,2,50
2013-12-11,20131211,2013,4,12,11,3,50
2013-12-12,20131212,2013,4,12,12,4,50
2013-12-13,20131213,2013,4,12,13,5,50
2013-12-14,20131214,2013,4,12,14,6,50
2013-12-15,20131215,2013,4,12,15,7,50
2013-12-16,20131216,2013,4,12,16,1,51
2013-12-17,20131217,2013,4,12,17,2,51
2013-12-18,20131218,2013,4,12,18,3,51
2013-12-19,20131219,2013,4,12,19,4,51
2013-12-20,20131220,2013,4,12,20,5,51
2013-12-21,20131221,2013,4,12,21,6,51
2013-12-22,20131222,2013,4,12,22,7,51
2013-12-23,20131223,2013,4,12,23,1,52
2013-12-24,20131224,2013,4,12,24,2,52
2013-12-25,20131225,2013,4,12,25,3,52
2013-12-26,20131226,2013,4,12,26,4,52
2013-12-27,20131227,2013,4,12,27,5,52
2013-12-28,20131228,2013,4,12,28,6,52
2013-12-29,20131229,2013,4,12,29,7,52
2013-12-30,20131230,2013,4,12,30,1,1
2013-12-31,20131231,2013,4,12,31,2,1
2014-01-01,20140101,2014,1,1,1,3,1
2014-01-02,20140102,2014,1,1,2,4,1
2014-01-03,20140103,2014,1,1,3,5,1
2014-01-04,20140104,2014,1,1,4,6,1
2014-01-05,20140105,2014,1,1,5,7,1
2014-01-06,20140106,2014,1,1,6,1,2
2014-01-07,20140107,2014,1,1,7,2,2
2014-01-08,20140108,2014,1,1,8,3,2
2014-01-09,20140109,2014,1,1,9,4,2
2014-01-10,20140110,2014,1,1,10,5,2
2014-01-11,20140111,2014,1,1,11,6,2
2014-01-12,20140112,2014,1,1,12,7,2
2014-01-13,20140113,2014,1,1,13,1,3
2014-01-14,20140114,2014,1,1,14,2,3
2014-01-15,20140115,2014,1,1,15,3,3
2014-01-16,20140116,2014,1,1,16,4,3
2014-01-17,20140117,2014,1,1,17,5,3
2014-01-18,20140118,2014,1,1,18,6,3
2014-01-19,20140119,2014,1,1,19,7,3
2014-01-20,20140120,2014,1,1,20,1,4
2014-01-21,20140121,2014,1,1,21,2,4
2014-01-22,20140122,2014,1,1,22,3,4
2014-01-23,20140123,2014,1,1,23,4,4
2014-01-24,20140124,2014,1,1,24,5,4
2014-01-25,20140125,2014,1,1,25,6,4
2014-01-26,20140126,2014,1,1,26,7,4
2014-01-27,20140127,2014,1,1,27,1,5
2014-01-28,20140128,2014,1,1,28,2,5
2014-01-29,20140129,2014,1,1,29,3,5
2014-01-30,20140130,2014,1,1,30,4,5
2014-01-31,20140131,2014,1,1,31,5,5
2014-02-01,20140201,2014,1,2,1,6,5
2014-02-02,20140202,2014,1,2,2,7,5
2014-02-03,20140203,2014,1,2,3,1,6
2014-02-04,20140204,2014,1,2,4,2,6
2014-02-05,20140205,2014,1,2,5,3,6
2014-02-06,20140206,2014,1,2,6,4,6
2014-02-07,20140207,2014,1,2,7,5,6
2014-02-08,20140208,2014,1,2,8,6,6
2014-02-09,20140209,2014,1,2,9,7,6
2014-02-10,20140210,2014,1,2,10,1,7
2014-02-11,20140211,2014,1,2,11,2,7
2014-02-12,20140212,2014,1,2,12,3,7
2014-02-13,20140213,2014,1,2,13,4,7
2014-02-14,20140214,2014,1,2,14,5,7
2014-02-15,20140215,2014,1,2,15,6,7
2014-02-16,20140216,2014,1,2,16,7,7
2014-02-17,20140217,2014,1,2,17,1,8
2014-02-18,20140218,2014,1,2,18,2,8
2014-02-19,20140219,2014,1,2,19,3,8
2014-02-20,20140220,2014,1,2,20,4,8
2014-02-21,20140221,2014,1,2,21,5,8
2014-02-22,20140222,2014,1,2,22,6,8
2014-02-23,20140223,2014,1,2,23,7,8
2014-02-24,20140224,2014,1,2,24,1,9
2014-02-25,20140225,2014,1,2,25,2,9
2014-02-26,20140226,2014,1,2,26,3,9
2014-02-27,20140227,2014,1,2,27,4,9
2014-02-28,20140228,2014,1,2,28,5,9
2014-03-01,20140301,2014,1,3,1,6,9
2014-03-02,20140302,2014,1,3,2,7,9
2014-03-03,20140303,2014,1,3,3,1,10
2014-03-04,20140304,2014,1,3,4,2,10
2014-03-05,20140305,2014,1,3,5,3,10
2014-03-06,20140306,2014,1,3,6,4,10
2014-03-07,20140307,2014,1,3,7,5,10
2014-03-08,20140308,2014,1,3,8,6,10
2014-03-09,20140309,2014,1,3,9,7,10
2014-03-10,20140310,2014,1,3,10,1,11
2014-03-11,20140311,2014,1,3,11,2,11
2014-03-12,20140312,2014,1,3,12,3,11
2014-03-13,20140313,2014,1,3,13,4,11
2014-03-14,20140314,2014,1,3,14,5,11
2014-03-15,20140315,2014,1,3,15,6,11
2014-03-16,20140316,2014,1,3,16,7,11
2014-03-17,20140317,2014,1,3,17,1,12
2014-03-18,20140318,2014,1,3,18,2,12
2014-03-19,20140319,2014,1,3,19,3,12
2014-03-20,20140320,2014,1,3,20,4,12
2014-03-21,20140321,2014,1,3,21,5,12
2014-03-22,20140322,2014,1,3,22,6,12
2014-03-23,20140323,2014,1,3,23,7,12
2014-03-24,20140324,2014,1,3,24,1,13
2014-03-25,20140325,2014,1,3,25,2,13
2014-03-26,20140326,2014,1,3,26,3,13
2014-03-27,20140327,2014,1,3,27,4,13
2014-03-28,20140328,2014,1,3,28,5,13
2014-03-29,20140329,2014,1,3,29,6,13
2014-03-30,20140330,2014,1,3,30,7,13
2014-03-31,20140331,2014,1,3,31,1,14
2014-04-01,20140401,2014,2,4,1,2,14
2014-04-02,20140402,2014,2,4,2,3,14
2014-04-03,20140403,2014,2,4,3,4,14
2014-04-04,20140404,2014,2,4,4,5,14
2014-04-05,20140405,2014,2,4,5,6,14
2014-04-06,20140406,2014,2,4,6,7,14
2014-04-07,20140407,2014,2,4,7,1,15
2014-04-08,20140408,2014,2,4,8,2,15
2014-04-09,20140409,2014,2,4,9,3,15
2014-04-10,20140410,2014,2,4,10,4,15
2014-04-11,20140411,2014,2,4,11,5,15
2014-04-12,20140412,2014,2,4,12,6,15
2014-04-13,20140413,2014,2,4,13,7,15
2014-04-14,20140414,2014,2,4,14,1,16
2014-04-15,20140415,2014,2,4,15,2,16
2014-04-16,20140416,2014,2,4,16,3,16
2014-04-17,20140417,2014,2,4,17,4,16
2014-04-18,20140418,2014,2,4,18,5,16
2014-04-19,20140419,2014,2,4,19,6,16
2014-04-20,20140420,2014,2,4,20,7,16
2014-04-21,20140421,2014,2,4,21,1,17
2014-04-22,20140422,2014,2,4,22,2,17
2014-04-23,20140423,2014,2,4,23,3,17
2014-04-24,20140424,2014,2,4,24,4,17
2014-04-25,20140425,2014,2,4,25,5,17
2014-04-26,20140426,2014,2,4,26,6,17
2014-04-27,20140427,2014,2,4,27,7,17
2014-04-28,20140428,2014,2,4,28,1,18
2014-04-29,20140429,2014,2,4,29,2,18
2014-04-30,20140430,2014,2,4,30,3,18
2014-05-01,20140501,2014,2,5,1,4,18
2014-05-02,20140502,2014,2,5,2,5,18
2014-05-03,20140503,2014,2,5,3,6,18
2014-05-04,20140504,2014,2,5,4,7,18
2014-05-05,20140505,2014,2,5,5,1,19
2014-05-06,20140506,2014,2,5,6,2,19
2014-05-07,20140507,2014,2,5,7,3,19
2014-05-08,20140508,2014,2,5,8,4,19
2014-05-09,20140509,2014,2,5,9,5,19
2014-05-10,20140510,2014,2,5,10,6,19
2014-05-11,20140511,2014,2,5,11,7,19
2014-05-12,20140512,2014,2,5,12,1,20
2014-05-13,20140513,2014,2,5,13,2,20
2014-05-14,20140514,2014,2,5,14,3,20
2014-05-15,20140515,2014,2,5,15,4,20
2014-05-16,20140516,2014,2,5,16,5,20
2014-05-17,20140517,2014,2,5,17,6,20
2014-05-18,20140518,2014,2,5,18,7,20
2014-05-19,20140519,2014,2,5,19,1,21
2014-05-20,20140520,2014,2,5,20,2,21
2014-05-21,20140521,2014,2,5,21,3,21
2014-05-22,20140522,2014,2,5,22,4,21
2014-05-23,20140523,2014,2,5,23,5,21
2014-05-24,20140524,2014,2,5,24,6,21
2014-05-25,20140525,2014,2,5,25,7,21
2014-05-26,20140526,2014,2,5,26,1,22
2014-05-27,20140527,2014,2,5,27,2,22
2014-05-28,20140528,2014,2,5,28,3,22
2014-05-29,20140529,2014,2,5,29,4,22
2014-05-30,20140530,2014,2,5,30,5,22
2014-05-31,20140531,2014,2,5,31,6,22
2014-06-01,20140601,2014,2,6,1,7,22
2014-06-02,20140602,2014,2,6,2,1,23
2014-06-03,20140603,2014,2,6,3,2,23
2014-06-04,20140604,2014,2,6,4,3,23
2014-06-05,20140605,2014,2,6,5,4,23
2014-06-06,20140606,2014,2,6,6,5,23
2014-06-07,20140607,2014,2,6,7,6,23
2014-06-08,20140608,2014,2,6,8,7,23
2014-06-09,20140609,2014,2,6,9,1,24
2014-06-10,20140610,2014,2,6,10,2,24
2014-06-11,20140611,2014,2,6,11,3,24
2014-06-12,20140612,2014,2,6,12,4,24
2014-06-13,20140613,2014,2,6,13,5,24
2014-06-14,20140614,2014,2,6,14,6,24
2014-06-15,20140615,2014,2,6,15,7,24
2014-06-16,20140616,2014,2,6,16,1,25
2014-06-17,20140617,2014,2,6,17,2,25
2014-06-18,20140618,2014,2,6,18,3,25
2014-06-19,20140619,2014,2,6,19,4,25
2014-06-20,20140620,2014,2,6,20,5,25
2014-06-21,20140621,2014,2,6,21,6,25
2014-06-22,20140622,2014,2,6,22,7,25
2014-06-23,20140623,2014,2,6,23,1,26
2014-06-24,20140624,2014,2,6,24,2,26
2014-06-25,20140625,2014,2,6,25,3,26
2014-06-26,20140626,2014,2,6,26,4,26
2014-06-27,20140627,2014,2,6,27,5,26
2014-06-28,20140628,2014,2,6,28,6,26
2014-06-29,20140629,2014,2,6,29,7,26
2014-06-30,20140630,2014,2,6,30,1,27
2014-07-01,20140701,2014,3,7,1,2,27
2014-07-02,20140702,2014,3,7,2,3,27
2014-07-03,20140703,2014,3,7,3,4,27
2014-07-04,20140704,2014,3,7,4,5,27
2014-07-05,20140705,2014,3,7,5,6,27
2014-07-06,20140706,2014,3,7,6,7,27
2014-07-07,20140707,2014,3,7,7,1,28
2014-07-08,20140708,2014,3,7,8,2,28
2014-07-09,20140709,2014,3,7,9,3,28
2014-07-10,20140710,2014,3,7,10,4,28
2014-07-11,20140711,2014,3,7,11,5,28
2014-07-12,20140712,2014,3,7,12,6,28
2014-07-14,20140714,2014,3,7,14,1,29
2014-07-15,20140715,2014,3,7,15,2,29
2014-07-16,20140716,2014,3,7,16,3,29
2014-07-17,20140717,2014,3,7,17,4,29
2014-07-18,20140718,2014,3,7,18,5,29
2014-07-19,20140719,2014,3,7,19,6,29
2014-07-21,20140721,2014,3,7,21,1,30
2014-07-22,20140722,2014,3,7,22,2,30
2014-07-23,20140723,2014,3,7,23,3,30
2014-07-24,20140724,2014,3,7,24,4,30
2014-07-25,20140725,2014,3,7,25,5,30
2014-07-26,20140726,2014,3,7,26,6,30
2014-07-27,20140727,2014,3,7,27,7,30
2014-07-28,20140728,2014,3,7,28,1,31
2014-07-29,20140729,2014,3,7,29,2,31
2014-07-30,20140730,2014,3,7,30,3,31
2014-07-31,20140731,2014,3,7,31,4,31
2014-08-01,20140801,2014,3,8,1,5,31
2014-08-02,20140802,2014,3,8,2,6,31
2014-08-03,20140803,2014,3,8,3,7,31
